NodeID,X,Y,Z
0,4.573242,4.573246,6.823752
1,10.667999,4.574478,6.074254
2,99.971924,69.4944,6.255437
3,87.782402,69.4944,6.095602
4,99.971924,63.398399,4.477406
5,99.97316,75.589157,3.558843
6,99.971924,51.206406,6.500338
7,93.878403,75.587921,8.278372 